id_img,label
10019,sadness
10023,sadness
10074,happy
10096,happy
10106,happy
10126,sadness
10138,happy
10141,sadness
1020,happy
10218,happy
10237,happy
10248,happy
10257,happy
1027,happy
10273,sadness
10276,sadness
10312,happy
10317,happy
10344,happy
10362,happy
10367,sadness
10370,happy
10432,happy
10456,sadness
10467,happy
10468,sadness
10480,sadness
10528,happy
10540,sadness
10552,happy
1056,sadness
10571,sadness
1058,sadness
10622,happy
10638,sadness
10640,sadness
10644,sadness
10647,happy
10683,happy
10703,sadness
1074,sadness
10770,sadness
10773,sadness
10792,happy
1081,happy
10811,sadness
10841,sadness
10879,happy
10903,happy
10935,sadness
10956,happy
10992,happy
11019,happy
1111,sadness
11150,happy
11208,sadness
1121,happy
11236,sadness
1130,happy
11345,happy
11349,happy
11392,happy
1141,happy
11500,happy
11508,sadness
11516,sadness
1152,happy
11530,happy
11549,sadness
11552,happy
11558,happy
11573,happy
11575,happy
11588,happy
1159,happy
11594,happy
11604,happy
11614,happy
11637,happy
11646,sadness
11658,happy
11717,happy
11733,happy
11763,happy
11766,happy
11772,sadness
11785,happy
11793,happy
11808,happy
11814,happy
11819,happy
11835,happy
11842,happy
11850,happy
11885,happy
11927,happy
12011,happy
1202,sadness
12024,happy
12098,happy
12120,happy
12129,happy
12141,happy
12191,happy
12239,happy
12257,happy
12284,happy
12321,sadness
12329,happy
12349,happy
12359,happy
12376,happy
12379,sadness
12381,happy
12410,sadness
1246,happy
12487,happy
12492,sadness
12497,sadness
12557,happy
12560,happy
12581,happy
12600,happy
12611,happy
12672,happy
12705,happy
12725,happy
12729,sadness
12772,happy
12776,happy
12789,happy
12861,happy
12904,happy
12936,happy
12951,happy
12956,happy
12957,happy
13037,sadness
13073,happy
1309,happy
13105,happy
13108,sadness
13127,sadness
13139,happy
13151,sadness
1316,happy
13204,happy
13228,happy
13283,happy
13317,sadness
13322,happy
1334,sadness
13348,sadness
13353,happy
13363,happy
13366,sadness
13385,happy
1341,happy
13427,happy
13428,happy
13449,happy
13456,happy
13476,happy
13502,happy
13526,happy
13528,happy
13570,happy
13584,happy
13590,happy
13615,sadness
13618,happy
13655,happy
13703,happy
13706,sadness
13715,happy
13757,happy
13761,sadness
13792,happy
13802,happy
1381,happy
13833,sadness
13848,happy
13874,happy
13877,happy
139,sadness
13911,sadness
13912,happy
13925,happy
1395,sadness
13955,sadness
13968,happy
13969,happy
13991,happy
14063,happy
14092,happy
141,happy
14139,happy
14152,happy
14155,sadness
14169,happy
14236,happy
14278,happy
14282,happy
14292,happy
14310,happy
14314,happy
14327,happy
14348,sadness
14360,happy
14371,happy
14378,happy
14419,happy
14427,sadness
14448,sadness
14473,happy
14475,happy
14516,happy
14517,sadness
14518,sadness
14546,happy
14586,happy
14593,happy
14611,happy
14700,happy
14730,happy
14757,happy
14759,sadness
14792,happy
14877,happy
1491,happy
14965,sadness
14973,sadness
15039,happy
15060,happy
15077,happy
15099,happy
1512,happy
15147,sadness
15181,happy
15212,happy
15216,sadness
15221,sadness
15229,happy
15257,happy
15269,happy
15271,happy
15292,happy
15310,happy
15323,happy
15331,happy
15335,happy
1538,happy
15397,happy
15400,sadness
15409,happy
15426,sadness
15432,sadness
15438,happy
15443,happy
15455,sadness
15494,happy
15520,sadness
15523,sadness
15589,happy
15616,happy
15621,happy
15677,happy
15708,happy
15758,happy
15767,happy
15791,happy
15843,sadness
15854,happy
15885,sadness
15910,happy
15966,sadness
15976,happy
15983,sadness
16037,sadness
16042,happy
16064,happy
16076,happy
16081,happy
16106,sadness
16108,happy
16120,happy
16141,happy
16192,sadness
16198,happy
16238,happy
16275,happy
1628,happy
16308,sadness
16370,happy
16375,happy
1640,happy
16407,sadness
16423,sadness
16444,happy
16460,sadness
16511,happy
16550,happy
16562,happy
16583,happy
16588,sadness
16596,happy
16604,sadness
16611,happy
16619,sadness
16633,happy
16649,happy
16667,happy
16699,happy
167,happy
1670,happy
16700,happy
16712,sadness
16734,sadness
16738,happy
16751,happy
16752,sadness
16759,sadness
16770,sadness
16795,happy
16799,happy
16809,happy
16818,happy
16952,happy
16967,sadness
16971,happy
1699,happy
17002,sadness
17007,happy
17010,sadness
17021,happy
17022,happy
17032,sadness
1704,sadness
17041,happy
1707,sadness
17098,happy
17104,sadness
17117,happy
17188,sadness
17194,happy
17207,happy
17220,happy
17319,happy
17367,sadness
17381,happy
17397,happy
17402,happy
17447,happy
17462,happy
17470,happy
17484,sadness
17485,sadness
17494,happy
17498,happy
17506,happy
17524,happy
17541,happy
17543,happy
17552,happy
17609,happy
17624,happy
17654,happy
1768,happy
17682,happy
17684,sadness
17692,happy
17694,happy
17698,happy
1770,happy
17715,happy
17772,happy
17799,happy
17802,happy
17821,happy
1787,happy
17904,happy
1793,happy
17936,happy
18016,happy
18018,happy
18025,sadness
18033,happy
18037,sadness
18080,happy
18082,happy
1815,sadness
18165,happy
18173,happy
18205,happy
18226,happy
18237,happy
18245,happy
18249,sadness
18250,happy
18256,happy
18259,happy
18297,happy
18308,happy
18383,happy
18405,happy
18424,sadness
18425,happy
18442,happy
18443,happy
18471,happy
18476,happy
18483,happy
18487,happy
18503,happy
18505,happy
18531,happy
18541,sadness
18556,happy
18568,happy
18578,happy
18655,happy
18662,happy
1869,happy
187,happy
18700,sadness
18729,happy
18783,sadness
18822,happy
18827,sadness
18834,happy
18835,happy
18849,happy
18861,happy
1887,happy
18873,happy
18885,happy
18898,happy
18904,happy
18930,happy
18944,happy
18948,happy
18952,happy
19008,happy
19012,happy
19025,sadness
19056,sadness
19062,happy
19063,sadness
19074,sadness
19105,happy
19127,happy
19130,happy
19132,happy
19137,sadness
19148,happy
19160,happy
19162,happy
1919,happy
192,sadness
1920,happy
19210,happy
19245,happy
19263,happy
19269,happy
19284,happy
19291,sadness
19317,happy
19318,sadness
19323,happy
19346,happy
19357,happy
19370,happy
19377,happy
19378,happy
1938,happy
19398,happy
19402,sadness
19438,happy
19449,sadness
19478,sadness
19492,happy
19496,happy
19499,sadness
19514,happy
1953,happy
19536,happy
19548,happy
19568,sadness
19589,happy
19597,happy
196,happy
19600,happy
19605,sadness
19668,happy
19680,happy
19696,happy
19700,happy
19709,happy
19711,sadness
1974,happy
19744,sadness
19747,sadness
19748,happy
19768,happy
19803,sadness
19837,happy
19883,happy
19889,happy
19918,sadness
19957,sadness
19958,happy
19962,happy
19968,happy
2001,happy
20023,happy
20025,happy
20032,happy
20039,happy
20048,happy
20091,happy
20111,happy
2012,happy
20120,happy
20122,happy
20140,happy
20155,sadness
20165,happy
20181,sadness
20196,happy
20208,sadness
20213,happy
20216,sadness
20218,happy
20229,happy
20239,sadness
20252,happy
20267,happy
20285,happy
20296,sadness
20318,happy
20355,happy
20365,happy
20371,sadness
20377,happy
20412,sadness
20430,happy
20445,sadness
20490,happy
20500,happy
20507,happy
20519,happy
20547,happy
20561,happy
20567,happy
2058,happy
20580,happy
20595,happy
20616,happy
2064,happy
20666,happy
20675,sadness
20684,sadness
20685,happy
2069,happy
20745,happy
20821,happy
20829,happy
20850,happy
20857,happy
20865,sadness
20866,happy
20889,happy
20918,happy
20941,happy
20945,happy
20949,happy
20958,happy
20972,happy
20984,happy
20988,happy
20994,sadness
210,happy
21006,sadness
21027,happy
21033,happy
21077,sadness
21097,sadness
21098,happy
21120,happy
21143,happy
21177,happy
21185,happy
2120,happy
21200,happy
2122,happy
21235,sadness
21292,happy
213,happy
21305,happy
21316,happy
21348,happy
2135,happy
2137,happy
21376,happy
21384,happy
21394,happy
21439,sadness
21441,happy
21460,happy
21473,happy
21483,sadness
21501,happy
2152,sadness
21524,happy
21538,happy
21574,sadness
2159,happy
21593,happy
21602,sadness
21605,happy
21618,happy
21699,happy
21708,happy
21750,happy
21778,sadness
21783,happy
21787,happy
2182,sadness
21825,sadness
21835,happy
2184,happy
21846,sadness
21876,happy
21899,happy
21927,happy
21942,sadness
21943,happy
21961,sadness
21990,sadness
2204,happy
22056,sadness
22064,sadness
22080,happy
22097,happy
22111,sadness
22138,sadness
22140,happy
22150,happy
22154,happy
22178,sadness
22179,happy
22191,happy
22194,happy
22201,happy
22247,happy
22289,sadness
22290,happy
22301,sadness
2231,happy
22340,happy
22346,happy
22347,happy
22351,happy
22380,happy
22388,happy
22395,happy
22424,happy
22459,happy
22466,happy
22506,happy
22532,happy
22545,sadness
22560,happy
22574,happy
22600,happy
22604,happy
22612,happy
22614,happy
22671,happy
22679,happy
22711,happy
22750,happy
22754,sadness
22763,happy
22778,sadness
22784,happy
22804,happy
22805,happy
2282,happy
22834,happy
2284,happy
22863,sadness
2287,sadness
22894,happy
22900,happy
22910,sadness
2293,happy
22935,sadness
22991,happy
23028,sadness
2305,happy
2307,happy
2308,happy
23096,happy
23101,sadness
23114,sadness
23122,happy
23170,happy
23238,happy
2324,happy
2327,happy
23293,sadness
23319,happy
23320,sadness
23321,happy
23334,happy
23377,happy
23380,happy
23381,happy
23419,happy
23440,sadness
23453,happy
23462,sadness
2350,happy
23501,happy
23525,happy
23555,happy
23559,sadness
23572,happy
23590,happy
23612,happy
23621,sadness
23664,happy
23667,happy
2374,happy
2377,happy
23770,happy
23786,sadness
23801,happy
23813,happy
23848,happy
23862,happy
23865,sadness
23866,happy
23891,happy
23897,happy
23920,happy
23933,happy
23946,happy
24027,happy
2403,sadness
24054,happy
24055,happy
24077,sadness
24079,happy
24099,happy
2411,sadness
24123,happy
24137,happy
24148,happy
24161,happy
24189,sadness
24200,happy
2421,happy
24211,happy
24219,happy
24224,happy
2424,sadness
24241,happy
24259,happy
24263,sadness
24286,happy
24289,happy
24292,happy
24297,happy
24299,happy
24340,sadness
24354,happy
24355,happy
2436,happy
24360,sadness
24380,happy
24390,happy
24391,happy
24393,happy
24395,happy
24410,sadness
24465,happy
24492,sadness
2450,happy
24509,happy
24521,happy
24530,happy
24535,sadness
24536,happy
24570,sadness
24607,happy
24633,happy
24652,happy
24656,happy
24680,sadness
24692,sadness
24699,happy
247,happy
24718,happy
2472,happy
24731,sadness
24747,happy
24764,happy
24769,happy
24777,happy
24783,happy
24823,sadness
2483,happy
24845,happy
24884,sadness
24906,happy
24910,happy
2492,happy
24942,happy
24946,happy
25006,happy
25017,sadness
25028,sadness
25037,sadness
25039,happy
25048,sadness
25058,sadness
25123,happy
25163,happy
25180,happy
25186,happy
25199,happy
25223,sadness
25271,happy
25275,happy
25287,sadness
25322,happy
25328,happy
25337,happy
25342,happy
25383,happy
25396,sadness
25414,happy
25420,happy
25431,happy
25438,sadness
25443,happy
25454,sadness
25472,happy
25517,sadness
25533,happy
2554,happy
2556,happy
25578,happy
2559,happy
25602,happy
25604,happy
25649,happy
25652,happy
25658,happy
25686,happy
25705,happy
25714,happy
25719,happy
25720,happy
25744,sadness
25747,happy
25759,happy
25775,happy
25809,happy
25839,happy
25887,happy
25902,happy
25927,happy
25937,happy
25949,sadness
25993,happy
26018,happy
2603,sadness
26032,happy
26034,happy
26046,happy
26077,sadness
26098,happy
26107,happy
2611,sadness
26159,happy
26160,happy
26169,happy
2620,happy
26212,happy
26224,sadness
2629,happy
26338,happy
26370,happy
26397,happy
2640,happy
26456,happy
26459,happy
26468,happy
26477,happy
2649,happy
26511,happy
2655,sadness
26563,sadness
26578,sadness
26660,happy
26665,happy
26667,sadness
26676,happy
26703,happy
26720,sadness
26736,happy
26775,happy
2678,happy
26819,happy
26840,happy
26850,sadness
26873,happy
26888,happy
26891,happy
26906,happy
26909,happy
26913,happy
26935,happy
26960,happy
26963,happy
26967,happy
26978,happy
26981,happy
27048,happy
27051,happy
27105,sadness
27106,happy
27128,happy
27140,happy
27152,happy
27162,happy
27172,happy
27187,sadness
27196,sadness
27197,happy
27204,happy
27212,happy
27227,happy
27246,happy
27277,happy
27294,happy
2730,happy
27326,happy
27333,happy
27334,happy
27365,happy
27367,happy
27404,happy
27407,sadness
27426,happy
27446,happy
2745,happy
27452,happy
27474,happy
27508,sadness
2754,happy
27554,happy
27563,happy
27575,happy
27616,happy
27619,happy
27625,happy
27636,happy
27645,happy
27647,sadness
27648,happy
27662,sadness
27671,happy
27675,happy
27701,happy
2771,happy
2774,happy
27779,happy
27823,sadness
27854,happy
2790,happy
27928,happy
27931,happy
27932,happy
27940,happy
27944,happy
27949,happy
2796,sadness
28040,happy
28046,sadness
2805,happy
2806,sadness
2810,sadness
28105,happy
28108,sadness
28115,happy
28138,happy
28140,sadness
2816,sadness
2820,happy
28249,happy
28256,sadness
28264,happy
28273,happy
28282,happy
28367,sadness
28376,sadness
28379,happy
28383,happy
28415,sadness
28474,sadness
28502,sadness
28522,happy
28529,happy
2857,happy
28581,happy
28590,happy
28594,happy
28600,happy
2861,happy
28632,happy
2867,happy
28676,happy
28688,sadness
28772,sadness
28797,sadness
28807,happy
28814,happy
2885,happy
28871,happy
28897,sadness
28928,happy
28934,happy
28938,sadness
28949,happy
28954,happy
28955,happy
28962,happy
28963,sadness
28982,happy
29003,happy
29019,happy
29020,happy
29067,sadness
29071,sadness
29074,happy
29111,happy
29123,happy
2913,happy
29185,happy
29211,happy
29214,happy
29248,sadness
29258,sadness
29290,sadness
2930,happy
29300,happy
29329,happy
29365,happy
29370,happy
2938,happy
29398,happy
29415,happy
29423,sadness
29456,happy
29460,sadness
29464,sadness
29467,happy
29475,sadness
2948,happy
29504,happy
29555,sadness
29578,sadness
29589,happy
29645,sadness
29647,happy
29648,happy
29649,happy
2965,happy
29680,happy
29697,happy
29699,sadness
29707,sadness
29724,sadness
29766,sadness
29769,happy
29773,happy
29821,happy
29834,happy
29844,happy
2985,happy
29889,happy
29919,happy
29979,happy
29981,happy
29987,happy
29991,happy
30,happy
30006,happy
30016,happy
30069,sadness
30099,happy
3010,happy
30102,happy
30114,happy
30119,happy
30127,sadness
30143,sadness
3016,happy
30164,happy
30188,sadness
30193,happy
30216,sadness
3022,happy
30221,happy
3024,happy
30241,happy
30245,happy
3029,happy
30297,happy
30328,happy
30332,happy
30337,sadness
30338,happy
30341,happy
30400,happy
30407,sadness
30424,happy
30478,sadness
30585,happy
30646,sadness
30651,happy
30652,happy
30661,happy
30675,happy
30683,happy
30689,happy
3069,happy
30704,sadness
30728,happy
30737,happy
30738,sadness
30749,happy
3077,happy
30772,sadness
30779,happy
30793,happy
30808,sadness
30820,happy
30822,happy
30823,happy
30825,happy
3083,happy
30830,happy
30835,happy
30851,happy
30855,happy
30856,sadness
3086,happy
30871,happy
30893,sadness
30909,sadness
30948,happy
30951,happy
30961,sadness
30962,sadness
30965,happy
30981,sadness
31010,sadness
31029,happy
31043,happy
31056,happy
3106,happy
31080,happy
31101,sadness
31112,sadness
31137,happy
31140,happy
31141,happy
31145,happy
3117,happy
3120,happy
31209,happy
31239,happy
31285,happy
31295,happy
3131,happy
31316,happy
3132,happy
31366,happy
3138,happy
31384,happy
3144,happy
31440,happy
3146,happy
31542,happy
31551,happy
31571,happy
31572,happy
3162,happy
31627,sadness
31629,happy
31659,sadness
31697,happy
31742,happy
31752,happy
31806,happy
31811,happy
3182,happy
31833,happy
31853,happy
31858,happy
31870,happy
31897,happy
31908,happy
31929,sadness
31952,sadness
31977,happy
31987,happy
32046,happy
32047,happy
32048,happy
32051,happy
3209,happy
32142,happy
32144,happy
3215,sadness
32177,happy
32248,happy
32344,happy
32354,happy
32372,happy
32377,sadness
32382,sadness
32388,happy
32402,happy
32439,sadness
3245,sadness
325,happy
3250,happy
32541,happy
32544,sadness
32568,happy
32570,happy
32574,happy
32595,happy
3260,happy
32607,sadness
32614,happy
32624,sadness
32627,happy
32684,happy
32725,happy
32763,happy
32769,happy
32773,happy
3278,happy
32796,happy
32826,happy
32835,happy
32837,happy
32838,happy
32849,happy
32913,happy
32917,happy
32950,happy
32952,happy
32953,happy
32958,happy
32973,happy
32993,happy
32997,happy
32998,happy
33016,sadness
33017,happy
33024,happy
33046,happy
33065,sadness
33066,sadness
33071,sadness
33084,happy
33091,happy
33094,happy
331,happy
3313,happy
33144,happy
33174,happy
33175,happy
3318,happy
33188,happy
33212,happy
33216,happy
33228,happy
33231,happy
33240,happy
33268,happy
33283,happy
333,happy
33319,happy
33320,sadness
33322,happy
33326,sadness
33343,happy
33357,happy
33366,happy
33375,happy
33407,happy
33423,happy
33455,happy
33460,happy
33463,happy
33518,happy
33525,happy
33530,happy
33533,happy
33544,happy
33564,happy
33610,happy
33648,sadness
33660,happy
33675,happy
33690,happy
33727,happy
33757,happy
33762,happy
33802,happy
33807,happy
33842,happy
33853,happy
33874,happy
33915,sadness
33917,happy
33933,happy
33938,happy
33981,happy
34015,happy
34049,happy
34057,sadness
34098,happy
3410,sadness
34102,happy
3411,happy
34119,happy
34129,happy
3414,happy
34170,sadness
34219,happy
3422,happy
34226,happy
34234,sadness
34244,happy
34257,happy
34295,happy
34302,happy
3431,happy
34316,happy
34361,happy
34375,happy
34386,happy
34397,sadness
34412,happy
34435,happy
34437,happy
34464,happy
34468,happy
3447,happy
34471,sadness
34483,sadness
34498,happy
34510,sadness
3452,happy
34567,happy
34569,sadness
34585,sadness
34599,happy
34600,happy
34644,sadness
34645,happy
34649,sadness
3465,happy
34688,sadness
34720,happy
34724,happy
34737,happy
34753,happy
34756,happy
34759,happy
34761,happy
34768,sadness
34772,happy
34829,happy
34836,sadness
34840,happy
34841,happy
34861,happy
34941,happy
34965,happy
34969,happy
34978,sadness
35101,happy
35117,sadness
35142,happy
35153,happy
35163,happy
35177,sadness
35199,happy
35200,happy
35209,sadness
35226,sadness
35291,happy
35321,sadness
35341,sadness
35346,happy
35364,happy
35369,sadness
35370,happy
35372,happy
3538,happy
3543,happy
35454,happy
35481,happy
35497,happy
35520,happy
35536,sadness
35547,happy
35552,sadness
35559,happy
35582,happy
35598,happy
356,happy
35603,happy
35659,sadness
35664,happy
35677,happy
35685,happy
35698,sadness
3570,sadness
35707,happy
35721,happy
35724,happy
3574,sadness
35767,happy
35771,happy
35787,sadness
35792,happy
35794,happy
35804,happy
35850,happy
35856,sadness
35860,happy
35869,sadness
3590,happy
3647,sadness
366,happy
3662,happy
3663,sadness
370,happy
3755,sadness
3763,happy
3766,happy
3772,sadness
3811,sadness
3818,happy
3842,happy
3875,happy
3891,happy
3906,happy
3958,happy
3959,sadness
3969,happy
3977,sadness
3978,happy
3982,sadness
4029,happy
4041,happy
4084,happy
4090,happy
4094,happy
41,sadness
4107,happy
4114,happy
4133,sadness
4156,happy
4159,happy
4165,happy
4169,happy
4174,happy
4182,happy
4185,sadness
4226,happy
4248,happy
4264,happy
4269,happy
4284,happy
4295,sadness
4345,sadness
4363,happy
4366,happy
440,happy
4433,happy
446,happy
4480,happy
4485,sadness
4492,happy
4506,happy
4526,happy
4549,happy
4558,happy
4576,happy
4580,sadness
4589,happy
4606,happy
4607,happy
4620,happy
4634,happy
4640,happy
4649,happy
4653,happy
4666,sadness
478,sadness
4786,happy
4791,sadness
4797,sadness
4803,sadness
4814,happy
4827,happy
4832,happy
4849,happy
485,sadness
487,happy
4910,happy
4948,sadness
4980,happy
4988,happy
4996,happy
5006,happy
5008,happy
5048,happy
5062,happy
5089,sadness
5102,happy
5127,happy
5154,sadness
5176,happy
5209,happy
5264,happy
5269,happy
527,happy
5278,happy
5279,happy
5289,happy
5293,sadness
5303,happy
531,sadness
5318,happy
5340,happy
5356,happy
5417,happy
5445,happy
5452,happy
5468,happy
5477,happy
5490,happy
5493,happy
5523,happy
553,happy
5548,happy
5558,sadness
5594,happy
5618,happy
5674,happy
568,happy
5694,happy
5705,sadness
5714,happy
5719,happy
5753,happy
5766,sadness
5783,sadness
5797,happy
5800,happy
5807,happy
5812,happy
5835,happy
5857,happy
5891,sadness
5904,happy
5919,sadness
594,happy
5942,happy
5954,happy
5968,happy
5977,happy
5988,happy
6029,happy
6045,happy
6052,happy
6095,happy
6110,happy
6123,happy
613,sadness
6136,sadness
6169,happy
6175,happy
6183,sadness
62,happy
620,happy
6206,sadness
6217,sadness
6246,sadness
6272,sadness
628,sadness
629,happy
6368,happy
6378,happy
639,sadness
6394,happy
6403,happy
6416,happy
6444,happy
6457,happy
6473,happy
6500,happy
6522,happy
6532,sadness
655,sadness
657,happy
6577,happy
659,happy
6603,happy
6616,sadness
6677,happy
6686,happy
6689,happy
6691,happy
6700,happy
6703,happy
674,sadness
6744,happy
6759,happy
6776,happy
6784,happy
6792,sadness
681,happy
6811,happy
6818,happy
6865,happy
690,happy
6914,happy
6928,sadness
693,happy
6935,happy
6977,happy
6989,sadness
7017,sadness
7020,happy
7026,happy
7029,sadness
7065,happy
7080,happy
7100,sadness
7116,happy
7159,happy
7162,happy
7191,happy
7200,happy
721,happy
7244,happy
7245,happy
7292,sadness
7299,sadness
7333,happy
7335,sadness
7366,happy
7379,sadness
738,sadness
7392,happy
7413,happy
7425,sadness
7441,happy
7511,sadness
7531,happy
7532,happy
7537,sadness
7548,happy
7561,happy
7590,happy
7603,happy
7659,happy
7664,happy
7672,happy
7674,happy
7680,happy
7700,happy
7702,happy
7712,happy
7713,happy
7737,sadness
774,sadness
7753,happy
7762,happy
7804,happy
7813,happy
7815,happy
7827,happy
7845,happy
7881,happy
7892,happy
7905,happy
7916,happy
7948,sadness
7975,sadness
7986,happy
8,happy
80,happy
8020,sadness
8027,sadness
8034,happy
8049,happy
8065,happy
8082,happy
8086,happy
8089,happy
817,sadness
8188,happy
8228,happy
8268,happy
8276,happy
8284,happy
8293,happy
8301,happy
8303,happy
8316,happy
8322,sadness
8331,happy
8334,happy
8338,happy
8355,happy
8424,sadness
8434,happy
8449,happy
8457,happy
8473,happy
8539,happy
8548,happy
8559,happy
856,happy
8649,sadness
8657,happy
8662,happy
8677,happy
8682,happy
8691,happy
8704,happy
873,happy
8753,happy
8756,happy
8762,happy
880,sadness
8820,happy
8861,happy
8864,happy
8886,sadness
8915,happy
8940,happy
895,sadness
8960,happy
897,happy
898,sadness
8993,happy
9005,happy
906,sadness
9060,happy
9070,happy
9071,sadness
9085,happy
9094,happy
9147,happy
915,sadness
9152,happy
9167,happy
9174,happy
9180,happy
9202,happy
9206,happy
9222,happy
9246,sadness
9272,happy
9286,happy
9371,happy
9392,happy
9412,sadness
9416,happy
942,happy
9437,happy
9442,happy
9476,happy
9486,happy
951,happy
9538,sadness
9542,sadness
9570,happy
9571,happy
9598,sadness
9599,happy
9605,happy
9640,sadness
9687,happy
973,happy
9774,happy
9800,sadness
9833,sadness
9845,sadness
9865,sadness
9890,happy
9893,happy
9897,sadness
9901,happy
9933,sadness
9977,happy
9979,happy
9984,sadness
10004,sadness
1003,happy
10031,sadness
10073,sadness
10114,sadness
10116,sadness
10171,happy
10172,sadness
10176,happy
1022,sadness
10252,sadness
1026,sadness
10339,sadness
10352,sadness
10375,happy
10383,happy
10386,sadness
10423,sadness
10425,sadness
10455,sadness
10561,sadness
10607,sadness
10620,sadness
10655,sadness
10686,sadness
10694,happy
10713,sadness
10769,happy
1078,sadness
10871,happy
10881,sadness
10919,sadness
11025,happy
11026,sadness
11031,sadness
11100,happy
11138,sadness
11140,sadness
11163,sadness
11192,sadness
11209,sadness
11234,sadness
11241,sadness
11264,happy
11280,sadness
11284,sadness
11295,sadness
11316,sadness
11346,sadness
11398,sadness
1148,sadness
115,sadness
11523,sadness
1156,sadness
11581,sadness
11582,sadness
11601,sadness
11626,happy
11640,happy
11662,sadness
11722,sadness
1173,happy
11746,sadness
11790,happy
11794,sadness
11836,happy
11867,sadness
11876,sadness
11880,sadness
11891,sadness
11909,sadness
11966,sadness
11978,sadness
1198,sadness
12040,sadness
12074,sadness
12092,sadness
12113,sadness
12119,sadness
12190,sadness
12246,sadness
12267,sadness
12318,sadness
12364,happy
12498,sadness
12512,sadness
12524,happy
12547,sadness
12591,sadness
12594,happy
12621,sadness
1264,sadness
12648,sadness
12659,sadness
12661,sadness
12702,sadness
12758,sadness
12791,sadness
12818,sadness
12827,sadness
12899,happy
12958,sadness
1298,sadness
13000,sadness
13027,sadness
13051,sadness
13091,sadness
13150,sadness
13162,sadness
13180,sadness
13187,sadness
13293,sadness
13296,sadness
13339,sadness
13380,sadness
13421,sadness
13483,sadness
13488,sadness
13505,happy
13510,sadness
1353,sadness
13562,sadness
13575,sadness
13598,sadness
13631,sadness
1364,happy
13666,sadness
13714,sadness
13726,sadness
13793,sadness
13801,sadness
13812,sadness
13852,sadness
13870,sadness
13888,sadness
13907,sadness
13940,sadness
13979,happy
13983,happy
14048,sadness
14070,happy
14106,sadness
14122,sadness
14127,sadness
14136,sadness
1420,sadness
14208,sadness
14226,happy
14250,sadness
14346,sadness
14384,sadness
14388,sadness
14459,sadness
14464,sadness
14472,sadness
14474,sadness
14484,sadness
14494,sadness
14505,sadness
14522,sadness
14524,sadness
14561,happy
14572,sadness
14574,sadness
14578,sadness
14682,sadness
14696,sadness
14729,happy
1482,sadness
14835,sadness
14836,happy
15052,happy
15078,sadness
15090,sadness
15129,sadness
15145,sadness
15167,happy
15169,sadness
15192,sadness
15208,happy
15289,sadness
15294,sadness
1536,sadness
15365,sadness
15373,sadness
15436,sadness
15447,sadness
15462,sadness
15468,sadness
15484,sadness
1549,sadness
15534,sadness
15535,happy
15565,sadness
15580,happy
15592,happy
1560,sadness
15613,sadness
15642,sadness
15657,sadness
15696,happy
15697,sadness
15795,sadness
15867,sadness
15909,sadness
15929,sadness
16003,sadness
16010,happy
16053,happy
16056,sadness
16075,sadness
16087,sadness
16125,sadness
16151,sadness
16208,sadness
16304,sadness
16338,happy
16387,sadness
16388,sadness
16405,happy
16443,happy
1645,sadness
16475,sadness
16535,sadness
16558,sadness
16645,happy
16706,sadness
16710,sadness
16776,happy
1678,sadness
16787,happy
16798,sadness
16821,sadness
16837,happy
16839,sadness
16863,sadness
16895,sadness
16938,sadness
16962,sadness
16985,happy
17003,sadness
17011,sadness
17100,sadness
17128,sadness
172,sadness
17206,sadness
17215,happy
17237,sadness
17248,sadness
17257,sadness
17275,sadness
17279,sadness
17293,sadness
17297,sadness
17331,happy
17341,sadness
17363,sadness
17426,sadness
17432,happy
1751,happy
17518,sadness
17597,sadness
17607,happy
17625,sadness
17662,sadness
17666,sadness
17678,sadness
17713,sadness
17717,sadness
1772,happy
17730,sadness
17746,happy
17763,sadness
17767,sadness
17775,happy
1778,sadness
17784,sadness
17794,happy
17887,sadness
17912,sadness
18047,happy
18067,sadness
18101,sadness
18120,sadness
18180,sadness
18193,sadness
18260,happy
18270,happy
18300,sadness
18345,sadness
18349,sadness
18361,sadness
18367,happy
18381,sadness
18457,sadness
18475,sadness
1854,sadness
18550,sadness
18573,sadness
18610,sadness
18732,sadness
18734,sadness
18842,sadness
18855,sadness
18872,sadness
18888,sadness
18897,sadness
1891,sadness
18914,sadness
18927,sadness
1896,happy
18962,happy
19029,happy
19049,happy
19082,sadness
19084,sadness
19095,sadness
19145,sadness
19165,happy
19179,sadness
1926,sadness
19274,sadness
19285,sadness
19303,happy
1931,sadness
19364,sadness
1937,sadness
19384,sadness
19422,sadness
19461,sadness
19470,sadness
19486,sadness
19531,sadness
19535,sadness
19578,sadness
19607,sadness
19663,sadness
19674,sadness
1973,sadness
19731,sadness
19785,sadness
19799,sadness
19861,sadness
19864,sadness
19880,sadness
19893,sadness
19934,sadness
19969,sadness
19973,sadness
19975,happy
20,sadness
20072,happy
20073,sadness
20104,sadness
20171,sadness
20192,sadness
20193,sadness
20217,sadness
20301,sadness
20313,sadness
2039,sadness
20395,sadness
20400,sadness
20468,happy
20469,sadness
20511,sadness
20560,sadness
20563,sadness
20589,sadness
20650,sadness
20656,sadness
20667,sadness
20750,sadness
2084,sadness
20908,sadness
2091,sadness
20964,sadness
20979,sadness
21005,sadness
21029,happy
21036,sadness
21078,sadness
21082,happy
21201,sadness
21221,sadness
21249,sadness
21275,happy
21282,sadness
21312,happy
21324,sadness
21428,sadness
21434,sadness
21531,sadness
21535,sadness
21549,sadness
2157,sadness
21632,sadness
21666,sadness
21681,sadness
21715,happy
21720,sadness
2176,sadness
21766,sadness
21769,sadness
21968,sadness
21978,sadness
21988,sadness
22004,sadness
22032,sadness
22051,sadness
22067,sadness
22117,sadness
22241,sadness
22255,sadness
22271,sadness
22319,happy
22335,sadness
2238,happy
2239,happy
22390,sadness
22416,happy
22419,sadness
22448,sadness
22449,sadness
22452,sadness
22521,sadness
2256,sadness
22602,sadness
22619,sadness
22631,sadness
22651,sadness
22690,happy
22704,sadness
22761,sadness
22765,happy
22766,sadness
2278,sadness
22808,sadness
22816,sadness
22937,sadness
22961,sadness
22977,sadness
22989,sadness
23054,happy
23060,sadness
231,sadness
2312,happy
23220,sadness
23297,happy
23304,happy
23341,sadness
23374,sadness
23407,sadness
23430,sadness
23452,sadness
23471,happy
23483,sadness
23507,happy
23542,happy
23549,sadness
23562,sadness
23584,sadness
23601,sadness
23654,sadness
23658,sadness
2367,sadness
23675,happy
23700,sadness
23715,sadness
23748,sadness
23760,sadness
23764,sadness
23779,sadness
23781,sadness
23792,sadness
23817,sadness
23829,happy
23832,sadness
23853,sadness
23884,sadness
23901,happy
23905,sadness
23915,happy
23945,sadness
23948,sadness
23965,sadness
23968,sadness
23978,happy
23991,sadness
24013,sadness
24057,happy
24066,sadness
24087,sadness
2412,happy
24133,happy
24160,sadness
24168,sadness
24173,sadness
2418,sadness
24183,sadness
24217,sadness
24239,sadness
24247,sadness
2431,sadness
24329,sadness
24363,sadness
24384,sadness
24420,sadness
24421,sadness
24460,happy
24473,sadness
2451,sadness
24543,happy
24545,sadness
24582,happy
24643,sadness
24664,sadness
24736,sadness
2476,sadness
2478,sadness
2485,sadness
24881,sadness
24909,sadness
24916,sadness
2496,sadness
2499,sadness
2502,sadness
25025,sadness
25055,happy
25087,sadness
25117,sadness
25126,happy
25211,happy
25231,sadness
25240,sadness
25250,sadness
25281,sadness
2530,sadness
2533,sadness
25330,sadness
25348,happy
25351,sadness
25356,happy
25379,sadness
25381,sadness
2539,happy
25410,happy
25412,sadness
25425,sadness
2546,sadness
25510,sadness
25529,sadness
25576,sadness
25582,sadness
25597,sadness
25632,sadness
25643,sadness
2565,sadness
25819,sadness
25832,sadness
25843,sadness
25920,sadness
25961,sadness
25983,sadness
25985,sadness
26005,sadness
26006,happy
26040,happy
26079,sadness
2615,sadness
26198,sadness
26249,sadness
26269,sadness
26270,sadness
26292,sadness
26304,happy
26313,sadness
26321,sadness
2633,sadness
26339,happy
26346,happy
2635,sadness
26355,sadness
26368,happy
26378,happy
26398,sadness
26404,sadness
26443,happy
26484,sadness
26501,sadness
26543,sadness
26566,sadness
26573,sadness
26581,sadness
26586,sadness
26600,sadness
26612,sadness
26670,sadness
26675,sadness
26683,sadness
26702,sadness
26747,sadness
26772,sadness
26834,sadness
2690,happy
26959,happy
26970,sadness
27005,sadness
27027,sadness
27035,sadness
27052,sadness
27117,sadness
27124,happy
27258,sadness
27292,sadness
27305,sadness
27350,sadness
27400,sadness
27410,sadness
27450,sadness
27461,sadness
27471,sadness
2748,sadness
2751,sadness
27518,sadness
27522,sadness
27561,sadness
27562,sadness
27576,sadness
27585,sadness
27588,sadness
27629,happy
27681,sadness
27694,sadness
27719,happy
27759,sadness
27776,sadness
27788,sadness
27810,happy
2785,sadness
27873,sadness
2788,happy
27887,sadness
27913,sadness
27948,sadness
27993,sadness
28053,happy
28073,sadness
28091,sadness
28100,happy
28137,sadness
28143,sadness
28171,sadness
28230,sadness
28252,sadness
28272,sadness
28294,sadness
28296,sadness
28396,happy
28424,sadness
28426,happy
28465,sadness
28552,sadness
28555,happy
28568,sadness
28596,sadness
28696,sadness
28700,sadness
28794,sadness
28895,sadness
28966,sadness
2902,sadness
29058,sadness
29082,happy
29112,happy
29121,sadness
29150,sadness
29194,sadness
29226,sadness
29243,happy
29295,sadness
29298,happy
29305,sadness
29318,sadness
29322,happy
2934,sadness
29379,sadness
29383,sadness
2945,sadness
2950,sadness
29529,happy
29553,sadness
29561,sadness
29580,happy
29585,sadness
29617,sadness
29622,sadness
29627,sadness
29628,sadness
29632,sadness
29652,sadness
29692,sadness
29703,sadness
29756,sadness
29757,happy
29792,sadness
29819,happy
29835,sadness
29875,happy
29897,sadness
29936,sadness
29937,happy
29941,sadness
29970,sadness
29973,sadness
29998,sadness
30001,sadness
30035,sadness
30045,sadness
30056,sadness
3007,sadness
30080,sadness
30094,sadness
30104,sadness
30118,happy
3012,sadness
30144,sadness
30170,sadness
30181,happy
30219,sadness
30251,sadness
30274,happy
30289,sadness
30292,sadness
30326,sadness
30331,sadness
30358,sadness
30377,sadness
30410,sadness
30439,sadness
30440,sadness
30462,sadness
30541,happy
30552,sadness
3056,sadness
30565,happy
3059,sadness
30611,sadness
3075,sadness
30763,sadness
30789,sadness
30817,happy
30818,sadness
30853,sadness
30867,sadness
3088,sadness
3094,sadness
31009,sadness
31068,happy
31072,sadness
31099,sadness
31104,sadness
31113,sadness
31149,sadness
3118,sadness
312,sadness
31248,sadness
31265,sadness
31328,sadness
31367,sadness
3139,sadness
31390,happy
31409,sadness
31424,happy
31506,sadness
31510,sadness
31527,sadness
31534,happy
31634,sadness
31643,sadness
31653,sadness
31663,sadness
31665,happy
31669,sadness
3169,sadness
31712,sadness
31720,sadness
31836,sadness
31857,happy
3187,sadness
32005,sadness
32029,sadness
3206,happy
32139,happy
32175,sadness
32183,sadness
32189,sadness
32202,sadness
32268,sadness
32296,sadness
32297,sadness
3235,sadness
32383,sadness
32394,sadness
32422,sadness
32565,sadness
32580,happy
32582,sadness
32613,happy
3263,sadness
32711,sadness
32744,sadness
32768,sadness
32814,happy
32818,sadness
32836,happy
32843,sadness
32859,happy
32861,sadness
32898,happy
32903,sadness
32911,sadness
32932,sadness
32982,sadness
33089,sadness
33152,sadness
33213,happy
33227,sadness
33247,sadness
33276,happy
33295,sadness
33302,happy
33331,happy
33371,sadness
33373,sadness
33421,sadness
33492,sadness
33516,sadness
33523,sadness
33538,happy
33628,sadness
33636,sadness
33640,sadness
33686,sadness
33691,sadness
33693,sadness
33736,sadness
33747,happy
3378,sadness
33780,sadness
33786,happy
3382,sadness
33820,sadness
33936,sadness
33962,sadness
33988,sadness
3403,sadness
34070,sadness
34121,sadness
34176,sadness
34195,sadness
34205,sadness
34242,sadness
34250,sadness
3433,happy
34387,happy
34408,sadness
34413,sadness
34427,happy
34477,sadness
34509,sadness
34533,happy
34605,sadness
34610,sadness
34629,sadness
34633,sadness
34679,sadness
34694,sadness
3477,happy
34788,sadness
34798,happy
34799,sadness
34820,sadness
34827,sadness
34905,sadness
34913,sadness
34917,sadness
3492,sadness
34945,sadness
34985,sadness
34988,sadness
34991,sadness
350,sadness
35030,happy
35039,sadness
35043,sadness
35058,sadness
3506,sadness
3508,sadness
35116,sadness
35131,sadness
35148,happy
3518,sadness
35192,sadness
35214,happy
35297,happy
35318,sadness
35375,sadness
35386,sadness
35411,sadness
3546,sadness
35528,happy
35567,sadness
35605,sadness
35615,sadness
35639,sadness
35691,sadness
35737,happy
35768,sadness
35812,happy
35873,happy
359,sadness
3634,sadness
3653,sadness
3661,sadness
3731,sadness
3767,sadness
3825,sadness
3855,sadness
3869,sadness
3922,sadness
3951,sadness
3972,sadness
3988,sadness
4130,sadness
4207,sadness
422,sadness
4233,sadness
4274,sadness
4381,happy
4389,sadness
4412,sadness
4415,sadness
4441,sadness
4482,sadness
4534,sadness
4572,happy
4594,happy
4596,sadness
4615,sadness
4624,sadness
4697,happy
4714,sadness
4734,sadness
4736,sadness
4764,sadness
4771,sadness
4811,sadness
4860,sadness
4940,sadness
4951,sadness
4958,happy
4987,happy
5004,sadness
505,sadness
5055,happy
5056,sadness
5058,happy
5061,sadness
5100,sadness
5101,sadness
5107,sadness
5147,sadness
5166,sadness
5177,sadness
5224,sadness
5229,sadness
5374,sadness
5435,sadness
5466,happy
5560,sadness
5629,sadness
5642,sadness
5689,sadness
5710,happy
580,sadness
5836,sadness
5910,sadness
5995,sadness
6025,sadness
6033,sadness
6109,sadness
6137,sadness
6149,sadness
6187,happy
6215,sadness
6265,happy
6304,sadness
6312,sadness
6353,sadness
6400,sadness
6449,sadness
6459,sadness
6467,sadness
6492,sadness
6521,sadness
6529,sadness
6551,sadness
6557,sadness
6563,sadness
6645,sadness
6660,sadness
6720,sadness
6735,sadness
6771,sadness
680,sadness
6833,sadness
6860,sadness
688,sadness
6897,sadness
6901,sadness
6904,sadness
6915,sadness
6930,sadness
6957,sadness
6960,sadness
6964,sadness
70,sadness
7030,happy
7037,sadness
7039,sadness
7119,sadness
7121,sadness
7165,sadness
7232,sadness
7253,happy
7268,sadness
7275,happy
7287,sadness
7301,happy
7337,sadness
7371,happy
7400,happy
7406,sadness
7430,happy
7475,happy
7502,sadness
7536,sadness
7566,sadness
7569,happy
761,sadness
7618,sadness
7623,sadness
7675,sadness
7679,sadness
7724,happy
7776,sadness
7806,happy
7848,sadness
7877,sadness
7878,sadness
7943,sadness
7962,sadness
7963,happy
7976,sadness
798,sadness
800,sadness
8039,sadness
8056,sadness
8098,sadness
8099,sadness
8102,sadness
8146,sadness
8164,sadness
8197,happy
8203,sadness
822,sadness
8223,sadness
8238,happy
8252,sadness
8266,happy
8333,happy
8390,sadness
8430,sadness
8525,happy
8580,sadness
8614,sadness
8639,sadness
8659,sadness
8702,sadness
8718,sadness
8738,sadness
8761,happy
8814,sadness
8834,sadness
8851,happy
8876,sadness
8892,sadness
8925,sadness
8953,sadness
8955,sadness
8958,happy
9006,sadness
9028,sadness
9066,sadness
9073,sadness
9082,sadness
9087,sadness
9119,sadness
9142,happy
9171,sadness
9219,sadness
922,happy
9238,happy
9267,sadness
9327,happy
9338,happy
9387,sadness
9405,sadness
9454,sadness
9457,sadness
9459,happy
9463,sadness
9465,sadness
9498,happy
9508,sadness
9548,sadness
9689,happy
9693,sadness
9713,sadness
9769,sadness
977,sadness
98,sadness
9841,sadness
9864,happy
987,sadness
9885,sadness
9889,sadness
9923,sadness
